Name,Description,Priority,Assigned To,Difficulty,Completed
Refine User Stories,Go through the existing user stories and add more detail.,TRUE,oliver,5,FALSE
Design Onboarding Flow,Create mockups for the new user onboarding process.,TRUE,amelia,6,FALSE
Implement Push Notifications,Code the functionality for sending push notifications.,FALSE,noah,8,FALSE
Write Unit Tests,Develop automated tests for the core modules.,TRUE,ethan,7,FALSE
Review Backend API,Check the documentation and test the existing API endpoints.,FALSE,oliver,4,TRUE
Create Tutorial Videos,Record short videos explaining key features.,FALSE,kate,3,FALSE
Update Documentation,Write and revise the user and developer documentation.,FALSE,sophia,4,FALSE
Optimize Database Queries,Improve the performance of frequently used database queries.,TRUE,ethan,9,FALSE
Integrate Payment Gateway,Connect the application with the chosen payment provider.,TRUE,noah,8,FALSE
Accessibility Audit,Check the application for WCAG compliance.,FALSE,liam,6,FALSE